<configs>
<append xpath="/entity_classes">
	
<!-- Motorcycles -->	

<entity_class name="vehicleHellBeast"> <!-- Snufkin -->
	<property name="Tags" value="vehicle,vehiclehellbeast"/>
	<property name="Class" value="EntityMotorcycle"/>
	<property name="Parent" value="Cars"/>
	<property name="Prefab" value="#Entities/Vehicles?motorcycle_Prefab.prefab"/>
	<property name="ModelType" value="Standard"/>
	<property name="SurfaceCategory" value="metal"/>
	<property name="IgnoreTrigger" value="true"/>
	<property name="LootListAlive" value="vehicleMotorcycle"/>
	<property name="IsEnemyEntity" value="false"/>
	<property name="Explosion.ParticleIndex" value="6"/>
	<property name="Explosion.RadiusBlocks" value="4"/>
	<property name="Explosion.RadiusEntities" value="4"/>
	<property name="Explosion.BlockDamage" value="50"/>
	<property name="Explosion.EntityDamage" value="50"/>
	<property name="RotateToGround" value="true"/>
	<property name="Faction" value="none"/>
	<property name="MapIcon" value="ui_game_symbol_motorcycle"/>
	<property name="NavObject" value="motorcycle" />
</entity_class>

<entity_class name="vehicleHellFire"> <!-- Oakraven -->
	<property name="Tags" value="vehicle,vehiclehellfire"/>
	<property name="Class" value="EntityMotorcycle"/>
	<property name="Parent" value="Cars"/>
	<property name="Prefab" value="#Entities/Vehicles?motorcycle_Prefab.prefab"/>
	<property name="ModelType" value="Standard"/>
	<property name="SurfaceCategory" value="metal"/>
	<property name="IgnoreTrigger" value="true"/>
	<property name="LootListAlive" value="vehicleMotorcycle"/>
	<property name="IsEnemyEntity" value="false"/>
	<property name="Explosion.ParticleIndex" value="6"/>
	<property name="Explosion.RadiusBlocks" value="4"/>
	<property name="Explosion.RadiusEntities" value="4"/>
	<property name="Explosion.BlockDamage" value="50"/>
	<property name="Explosion.EntityDamage" value="50"/>
	<property name="RotateToGround" value="true"/>
	<property name="Faction" value="none"/>
	<property name="MapIcon" value="ui_game_symbol_motorcycle"/>
	<property name="NavObject" value="motorcycle" />
</entity_class>

<entity_class name="vehicleHellDog"> <!-- Oakraven -->
	<property name="Tags" value="vehicle,vehiclehelldog"/>
	<property name="Class" value="EntityMotorcycle"/>
	<property name="Parent" value="Cars"/>
	<property name="Prefab" value="#Entities/Vehicles?motorcycle_Prefab.prefab"/>
	<property name="ModelType" value="Standard"/>
	<property name="SurfaceCategory" value="metal"/>
	<property name="IgnoreTrigger" value="true"/>
	<property name="LootListAlive" value="vehicleMotorcycle"/>
	<property name="IsEnemyEntity" value="false"/>
	<property name="Explosion.ParticleIndex" value="6"/>
	<property name="Explosion.RadiusBlocks" value="4"/>
	<property name="Explosion.RadiusEntities" value="4"/>
	<property name="Explosion.BlockDamage" value="50"/>
	<property name="Explosion.EntityDamage" value="50"/>
	<property name="RotateToGround" value="true"/>
	<property name="Faction" value="none"/>
	<property name="MapIcon" value="ui_game_symbol_motorcycle"/>
	<property name="NavObject" value="motorcycle" />
</entity_class>

<entity_class name="vehicleSpider"> <!-- arramus -->
	<property name="Tags" value="vehicle,vehiclespider"/>
	<property name="Class" value="EntityMinibike"/>
	<property name="Parent" value="Cars"/>	
	<property name="Prefab" value="#Entities/Vehicles?minibike_Prefab.prefab"/>
	<property name="ModelType" value="Standard"/>
	<property name="SurfaceCategory" value="metal"/>
	<property name="IgnoreTrigger" value="true"/>
	<property name="LootListAlive" value="vehicleMotorcycle"/>
	<property name="IsEnemyEntity" value="false"/>
	<property name="Explosion.ParticleIndex" value="6"/>
	<property name="Explosion.RadiusBlocks" value="3"/>
	<property name="Explosion.RadiusEntities" value="3"/>
	<property name="Explosion.BlockDamage" value="20"/>
	<property name="Explosion.EntityDamage" value="20"/>
	<property name="RotateToGround" value="true"/>
	<property name="Faction" value="none"/>
	<property name="MapIcon" value="ui_game_symbol_minibike"/>
	<property name="NavObject" value="minibike" />
</entity_class>

<!-- Cars, Jeeps, Trucks, and Buses -->

<entity_class name="vehicleHellHound4x4"> <!-- Oakraven -->
	<property name="Tags" value="vehicle,vehiclehellhound4x4"/>
	<property name="Class" value="EntityVJeep"/>
	<property name="Parent" value="Cars"/>
	<property name="Prefab" value="#Entities/Vehicles?jeep_Prefab.prefab"/>
	<property name="ModelType" value="Standard"/>
	<property name="SurfaceCategory" value="metal"/>
	<property name="IgnoreTrigger" value="true"/>
	<property name="LootListAlive" value="vehicle4x4Truck"/>
	<property name="IsEnemyEntity" value="false"/>
	<property name="Explosion.ParticleIndex" value="6"/>
	<property name="Explosion.RadiusBlocks" value="5"/>
	<property name="Explosion.RadiusEntities" value="5"/>
	<property name="Explosion.BlockDamage" value="100"/>
	<property name="Explosion.EntityDamage" value="100"/>
	<property name="RotateToGround" value="true"/>
	<property name="Faction" value="none"/>
	<property name="MapIcon" value="ui_game_symbol_4x4"/>
	<property name="NavObject" value="4x4" />
</entity_class>

<entity_class name="vehicleHellSpikey4x4"> <!-- Oakraven -->
	<property name="Tags" value="vehicle,vehiclehellspikey4x4"/>
	<property name="Class" value="EntityVJeep"/>
	<property name="Parent" value="Cars"/>
	<property name="Prefab" value="#Entities/Vehicles?jeep_Prefab.prefab"/>
	<property name="ModelType" value="Standard"/>
	<property name="SurfaceCategory" value="metal"/>
	<property name="IgnoreTrigger" value="true"/>
	<property name="LootListAlive" value="vehicle4x4Truck"/>
	<property name="IsEnemyEntity" value="false"/>
	<property name="Explosion.ParticleIndex" value="6"/>
	<property name="Explosion.RadiusBlocks" value="5"/>
	<property name="Explosion.RadiusEntities" value="5"/>
	<property name="Explosion.BlockDamage" value="100"/>
	<property name="Explosion.EntityDamage" value="100"/>
	<property name="RotateToGround" value="true"/>
	<property name="Faction" value="none"/>
	<property name="MapIcon" value="ui_game_symbol_4x4"/>
	<property name="NavObject" value="4x4" />
</entity_class>

<entity_class name="vehicleHellCar"> <!-- Oakraven -->
	<property name="Tags" value="vehicle,vehiclehellcar"/>
	<property name="Class" value="EntityVJeep"/>
	<property name="Parent" value="Cars"/>
	<property name="Prefab" value="#Entities/Vehicles?jeep_Prefab.prefab"/>
	<property name="ModelType" value="Standard"/>
	<property name="SurfaceCategory" value="metal"/>
	<property name="IgnoreTrigger" value="true"/>
	<property name="LootListAlive" value="vehicle4x4Truck"/>
	<property name="IsEnemyEntity" value="false"/>
	<property name="Explosion.ParticleIndex" value="6"/>
	<property name="Explosion.RadiusBlocks" value="5"/>
	<property name="Explosion.RadiusEntities" value="5"/>
	<property name="Explosion.BlockDamage" value="100"/>
	<property name="Explosion.EntityDamage" value="100"/>
	<property name="RotateToGround" value="true"/>
	<property name="Faction" value="none"/>
	<property name="MapIcon" value="ui_game_symbol_4x4"/>
	<property name="NavObject" value="4x4" />
</entity_class>

<entity_class name="vehicleMagicBus"> <!-- Oakraven -->
	<property name="Tags" value="vehicle,vehiclemagicbus"/>
	<property name="Class" value="EntityVJeep"/>
	<property name="Parent" value="Cars"/>
	<property name="Prefab" value="#Entities/Vehicles?jeep_Prefab.prefab"/>
	<property name="ModelType" value="Standard"/>
	<property name="SurfaceCategory" value="metal"/>
	<property name="IgnoreTrigger" value="true"/>
	<property name="LootListAlive" value="vehicle4x4Truck"/>
	<property name="IsEnemyEntity" value="false"/>
	<property name="Explosion.ParticleIndex" value="6"/>
	<property name="Explosion.RadiusBlocks" value="5"/>
	<property name="Explosion.RadiusEntities" value="5"/>
	<property name="Explosion.BlockDamage" value="100"/>
	<property name="Explosion.EntityDamage" value="100"/>
	<property name="RotateToGround" value="true"/>
	<property name="Faction" value="none"/>
	<property name="MapIcon" value="ui_game_symbol_4x4"/>
	<property name="NavObject" value="4x4" />
</entity_class>

<!-- Flyers -->

<entity_class name="vehicleWhirligig"> <!-- arramus with 100% Credit to Bdubayah for MD 500 Helicopter settings from Vehicles AIO --> 
	<property name="Tags" value="vehicle,vehiclewhirligig"/>
	<property name="Class" value="EntityVGyroCopter"/>
	<property name="Parent" value="Cars"/>
	<property name="Prefab" value="#Entities/Vehicles?gyrocopter_Prefab.prefab"/>
	<property name="ModelType" value="Standard"/>
	<property name="SurfaceCategory" value="metal"/>
	<property name="IgnoreTrigger" value="true"/>
	<property name="LootListAlive" value="vehicleGyrocopter"/>
	<property name="IsEnemyEntity" value="false"/>
	<property name="Explosion.ParticleIndex" value="6"/>
	<property name="Explosion.RadiusBlocks" value="3"/>
	<property name="Explosion.RadiusEntities" value="3"/>
	<property name="Explosion.BlockDamage" value="30"/>
	<property name="Explosion.EntityDamage" value="30"/>
	<property name="RotateToGround" value="true"/>
	<property name="Faction" value="none"/>
	<property name="MapIcon" value="ui_game_symbol_gyrocopter"/>
	<property name="NavObject" value="gyrocopter" />
</entity_class>

<entity_class name="vehicleSharkBlimp"> <!-- Oakraven -->
	<property name="Tags" value="vehicle,vehiclesharkblimp"/>
	<property name="Class" value="EntityVBlimp"/>
	<property name="Parent" value="Cars"/>
	<property name="Prefab" value="#Entities/Vehicles?jeep_Prefab.prefab"/>
	<property name="ModelType" value="Standard"/>
	<property name="SurfaceCategory" value="metal"/>
	<property name="IgnoreTrigger" value="true"/>
	<property name="LootListAlive" value="vehicle4x4Truck"/>
	<property name="IsEnemyEntity" value="false"/>
	<property name="Explosion.ParticleIndex" value="6"/>
	<property name="Explosion.RadiusBlocks" value="5"/>
	<property name="Explosion.RadiusEntities" value="5"/>
	<property name="Explosion.BlockDamage" value="100"/>
	<property name="Explosion.EntityDamage" value="100"/>
	<property name="RotateToGround" value="true"/>
	<property name="Faction" value="none"/>
	<property name="MapIcon" value="ui_game_symbol_4x4"/>
	<property name="NavObject" value="4x4" />
</entity_class>

<!-- Bicycle Base -->

<entity_class name="vehicleSled"> <!-- Snufkin -->
	<property name="Tags" value="vehicle,vehiclesled"/>
	<property name="Class" value="EntityBicycle"/>
	<property name="Parent" value="Cars"/>
	<property name="Prefab" value="#Entities/Vehicles?bicycle_Prefab.prefab"/>
	<property name="ModelType" value="Standard"/>
	<property name="SurfaceCategory" value="metal"/>
	<property name="IgnoreTrigger" value="true"/>
	<property name="LootListAlive" value="vehicleBicycle"/>
	<property name="IsEnemyEntity" value="false"/>
	<property name="Explosion.ParticleIndex" value="6"/>
	<property name="Explosion.RadiusBlocks" value="1"/>
	<property name="Explosion.RadiusEntities" value="1"/>
	<property name="RotateToGround" value="true"/>
	<property name="Faction" value="none"/>
	<property name="MapIcon" value="ui_game_symbol_bicycle"/>
	<property name="NavObject" value="bicycle" />
</entity_class>
		
</append>
</configs>